id,source,created_at,preprocessed_text,sentimen,skor_sentimen
1,x,2025-06-16,gusy mending sunscreen omg apa amaterasun buat st normal to dry,neutral,0.9872176051139832
10,x,2025-06-15,wts physical sunscreen amaterasun pakai sekali aja k,neutral,0.9878751635551452
15,x,2025-06-14,amaterasun uv sunscreen serum spf pa melindungj rusa dna kulit papar sinar uva uvb ampbluelight infrared lindung polusi radikal bebas untuk kulit berminyakteksturnya cairamptidak lengket cek sini,neutral,0.8015522956848145
18,x,2025-06-14,amaterasun cb kak yg physical sunscreen,neutral,0.9640366435050964
20,x,2025-06-13,saranin sunscreen bisa nahan minyak ga longsor olahraga outdoor dong guysss udh pake amaterasun physical ga cocok huhu padahal nahan minyak bgt,negative,0.6842776536941528
21,x,2025-06-13,physical sunscreen nya amaterasun finishnya matte ada sedikit tone up tone up nya dikit bgt ga bikin abu,positive,0.9860004782676696
22,x,2025-06-13,amaterasun serum sunscreen biru normal oily matte bgt skin aqua yg gel ijo the aubree hanasui spf you intensive care ss anessa,positive,0.5470855832099915
24,x,2025-06-12,kak minta linknya sunscreen amaterasun serum,neutral,0.9861658811569214
25,x,2025-06-12,dah paling bener lokal aja yak hari buat aktivitas pake spf aja murmer gapapa kalo mau manta olahraga panaspanasan pake spf amaterasun physical sunscreen oke emina punya barier hydraburst kalo mau ringan pake labore,positive,0.9157649874687196
28,x,2025-06-12,serum amaterasun sunscreen nya exp kapan kak,neutral,0.9951918125152588
29,x,2025-06-12,amaterasun physical sunscreen uji aman pas keringetan gobyos,neutral,0.782323956489563
32,x,2025-06-12,amaterasun yg physical sunscreen,neutral,0.9930451512336732
33,x,2025-06-12,sunscreen amaterasun baik sih utk normal to oily skin,positive,0.5707290172576904
39,x,2025-06-11,sunscreen amaterasun isi pcs cara potong koin di pinned zonauang,neutral,0.9961095452308656
40,x,2025-06-11,rekomendasi lip balm cocok kulit gelap amaterasun spf pa sunscreen buat bibir biar lindung matahari melembabin bibir banget buat bibir kering tekstur ringan gak berat bibir cocok dipake daily hari,positive,0.9773134589195251
43,x,2025-06-11,jauh ada turut bagus shiseido perfect sun protector lotion moell physical sunscreen sama amaterasun physical sunscreen,positive,0.631405770778656
44,x,2025-06-11,moist pake cosrx skin trs sunscreen nya amaterasun ak pake basic skincare aja diselingin sheetmask x bulan kl rajin exfo pake yg volcano minggu x kl rajin bgt soal suka males,neutral,0.5524037480354309
45,x,2025-06-11,jajan yuuk persunscreen perhair careannya sunscreen cosrx erha amaterasun garnier klairs labore haircare,neutral,0.7150442004203796
51,x,2025-06-11,gue sih sunscreen amaterasun mantep,positive,0.994123876094818
52,x,2025-06-11,new segel kak sunscreen cosrx erha amaterasun garnier klairs labore,neutral,0.7941509485244751
56,x,2025-06-10,sunscreen amaterasun salah satu wishlist aku jg,positive,0.5994700789451599
58,x,2025-06-10,toneressence jumiso snail serum trueve vit c avoskin marine collagen skin poremizing moist skintific skingame laroche posay sunscreen loreal skin amaterasun gantung ada kulit sih,neutral,0.8922405242919922
59,x,2025-06-10,aku lagu cobain sunscreen amaterasun yg ijo tp buat review mungkin cobain nder,neutral,0.9638640284538268
66,x,2025-06-09,sunscreen amaterasun azarine nya baru kaa co oren,neutral,0.988733172416687
76,x,2025-06-08,wtb tinted sunscreen tavi adaptint amaterasun zonauang zonajajan,neutral,0.9738695025444032
77,x,2025-06-08,pakai sunscreen meski aktititas dalam ruang pake sunscreen penting loh nahh buat kalian tipkul sama kaya aku oilykombinasi aku pake sunscreen amaterasun ijo spf,positive,0.5104172825813293
78,x,2025-06-07,sunscreen sama sama amaterasun,positive,0.703890860080719
79,x,2025-06-07,buat kulit sensitif nih mending physical sunscreen punya amaterasun labore,neutral,0.9897887110710144
82,x,2025-06-07,aku bukan ciwi lama paling cocok pakai somethinc sama finally found you toner ffy serum smtnc moisturizer smtnc sunscreen amaterasunsmtnckahf,positive,0.9148715138435364
84,x,2025-06-07,aku new ss sunscreen amaterasun cream ungu k dom bogor,neutral,0.988087832927704
85,x,2025-06-07,new ss sunscreen amaterasun cream ungu k dom bogor,neutral,0.9898399114608764
86,x,2025-06-06,physical sunscreen nya amaterasun buat combi to oily skin bagus nggaaa,positive,0.9446309208869934
87,x,2025-06-06,mauu sunscreen amaterasun co skrg guys,neutral,0.957955002784729
89,x,2025-06-06,sunscreen yg enak buat oily skin mending unitary or amaterasun,positive,0.9357898235321044
90,x,2025-06-06,amaterasun buat physical sunscreen ukur ml,neutral,0.9960913062095642
91,x,2025-06-06,aku ini new wts ss sunscreen amaterasun cream k dom bogor,neutral,0.990193009376526
93,x,2025-06-05,aku amaterasun yg uv sunscreen cream spf k ajaa,neutral,0.9928067922592164
95,x,2025-06-05,pen coba deh blm sempet coba sunscreen amaterasun,neutral,0.9436074495315552
100,x,2025-06-05,amaterasun sunscreen bikin putih ga bikin abu abu monyet harus banget aku pake tiap hari,neutral,0.7487820386886597
102,x,2025-06-05,amaterasun sunscreen bikin putih ga bikin abu abu monyet aman banget buat kulit kering kaya kulit,positive,0.8474958539009094
107,x,2025-06-05,cowo harus memprotek kulit dong makanya pake amaterasun sunscreen bikin putih,neutral,0.886003851890564
109,x,2025-06-05,jangan ngaku cowo keren kalo blom pake amaterasun sunscreen bikin putih ga bikin abu monyet,neutral,0.739446759223938
110,x,2025-06-05,balita sampe tua cewe sampe cowo sunscreen bnaget dipake yaph amaterasun sunscreen bikin putih,positive,0.624942421913147
112,x,2025-06-05,bikin cantik putih lindung kulit amaterasun sunscreen bikin putih ga bikin abu abu monyet,neutral,0.6749167442321777
114,x,2025-06-05,amaterasun sunscreen bikin putih nyaman banget aku pake daily memprotek kulit ruang ac kantor,positive,0.5793085098266602
115,x,2025-06-05,physical sunscreen amaterasun meski kandung spfnya cukup tinggi spf pa aman banget kulit ga bikin makin breakout ini juga aman pakai bayi mulai usia tahun,positive,0.9806644916534424
116,x,2025-06-05,gua dlu suka ganti ganti sunscreen karna g nemu yg pas tp akhir saranin tmn pke amaterasun sunscreen bikin putih bnrn bikin kulit jd lbih cerah,positive,0.5883691310882568
117,x,2025-06-05,semenjak nemu amaterasun sunscreen bikin putih jd g bingung lg milih sunscreen yg cerahin kulit,neutral,0.5142284035682678
118,x,2025-06-05,aku dlu bingung bgt milih sunscreen smpe akhir aku nemu amaterasun sunscreen bikin putih gak bikin abu monyet suka bgt sm sunscreen ini,positive,0.913070797920227
119,x,2025-06-05,gue udah coba banyak tone up yang paling nyatu tuh amaterasun sunscreen bikin putih gak dempul sama sekali,positive,0.674349844455719
120,x,2025-06-05,sih holy grail gue sekarang amaterasun sunscreen bikin putih ngebantu kulit kusam gue liat hidup,neutral,0.6387532353401184
121,x,2025-06-05,gak nyangka sunscreen bisa bikin kulit cerah kejap amaterasun sunscreen bikin putih beneran,positive,0.7590245604515076
123,x,2025-06-05,cobain deh tekstur ringan parah amaterasun sunscreen bikin putih gak bikin muka berat lengket,positive,0.8529135584831238
124,x,2025-06-05,gue kira bakal susah diratain eh gampang banget amaterasun sunscreen bikin putih effort,neutral,0.7503390908241272
125,x,2025-06-05,jauh cm amaterasun sunscreen bikin putih gak bikin abu monyet pling nyaman pke g lengket lgi kulit,neutral,0.8248370885848999
126,x,2025-06-05,amaterasun sunscreen bikin putih gak bikin muka abuabu kayak tone up ini cakep banget hasil,positive,0.9863046407699584
127,x,2025-06-05,gue pake belum makeup enak banget amaterasun sunscreen bikin putih bikin kulit liat lebih fresh,positive,0.936557948589325
128,x,2025-06-05,cewekcewek cobain deh amaterasun sunscreen bikin putih ngebantu banget biar gak liat capek,positive,0.5638328790664673
129,x,2025-06-05,baru nemu sunscreen bisa sekali jadi base makeup amaterasun sunscreen bikin putih glowing sehat gitu,neutral,0.5455373525619507
131,x,2025-06-05,lo coba deh amaterasun sunscreen bikin putih ada efek tone upnya gak norak,positive,0.931596577167511
132,x,2025-06-05,amaterasun sunscreen bikin putih gak bikin abu monyet nih tipikal sunscreen idam byk org bgt bikin kulit jd lbih putih,positive,0.6177923083305359
133,x,2025-06-05,gue rekomen banget karena hasil tuh smooth amaterasun sunscreen bikin putih ga berat,positive,0.9568849802017212
135,x,2025-06-05,gue pakai tiap hari beneran rasa amaterasun sunscreen bikin putih efek tahan lama,positive,0.8925101161003113
136,x,2025-06-05,amaterasun sunscreen bikin putih pakai anak smp aman adik suka banget,positive,0.9836996793746948
138,x,2025-06-05,gak lebay hasil tetep bikin beda amaterasun sunscreen bikin putih sentuh halus,positive,0.9455724358558656
141,x,2025-06-05,serius deh amaterasun sunscreen bikin putih gak berat kulit enak banget buat dipake hari,positive,0.9885990619659424
142,x,2025-06-05,gue kaget beneran tone upnya tuh pas banget amaterasun sunscreen bikin putih gak norak,positive,0.9737294316291808
143,x,2025-06-05,amaterasun sunscreen bikin putih bikin kulit gue liat kayak habis skincarean step,neutral,0.6641092300415039
144,x,2025-06-05,nyari sunscreen yg bikin kulit putih nih amaterasun sunscreen bikin putih gak bikin abu monyet,neutral,0.972515344619751
145,x,2025-06-05,amaterasun sunscreen bikin putih ingredientsnya tuh bagus banget buat kulit kusam,positive,0.9807378649711608
146,x,2025-06-05,baru kali ngerasa nyaman pake tone up amaterasun sunscreen bikin putih gak lengket gak berat,positive,0.9050407409667968
147,x,2025-06-05,gue udah repurchase amaterasun sunscreen bikin putih gak bikin kulit kusam,positive,0.585105836391449
148,x,2025-06-05,gue paling males layering produk untung amaterasun sunscreen bikin putih udah allinone,neutral,0.9179741740226746
149,x,2025-06-05,kenalin nih sunscreen andal ku amaterasun sunscreen bikin putih kulit auto cerah,neutral,0.7995594143867493
150,x,2025-06-05,dia amaterasun sunscreen bikin putih banyak banget yg make loh karna beneran bikin putih cerah,positive,0.7804742455482483
151,x,2025-06-05,bingung pilih sunscreen kata aku mah buru pake aja amaterasun sunscreen bikin putih gabikin muka kusam abuabu,neutral,0.7709452509880066
152,x,2025-06-05,amaterasun sunscreen bikin putih enak polll dipakenya gak bikin muka jadi abuabu,positive,0.961973249912262
155,x,2025-06-05,yuhu dia sunscreen yg sering aku pake amaterasun sunscreen bikin putih gampang loh apply,neutral,0.6302700042724609
156,x,2025-06-05,teng teng teng mau ngecun dulu nih gaes pake amaterasun sunscreen bikin putih yg jelas mudah applay ga bikin dempul,neutral,0.8226527571678162
157,x,2025-06-05,dia yg cari amaterasun sunscreen bikin putih udah lama pake liat banget kulit lindung papar matahari jadi lebih glowing,positive,0.6719574928283691
158,x,2025-06-05,nih gaes yg cobain yuk coba amaterasun sunscreen bikin putih kulit makin glowing loh,neutral,0.6681962013244629
159,x,2025-06-05,cewek gw selalu pake tiap kali mau ketemu gw kata amaterasun sunscreen bikin putih,neutral,0.5976566076278687
160,x,2025-06-05,amaterasun sunscreen bikin putih pasti mudah apply,positive,0.5273672938346863
162,x,2025-06-05,dia amaterasun sunscreen bikin putih banyak banget yg make loh karna beneran bikin putih cerah,positive,0.6622900366783142
163,x,2025-06-05,amaterasun sunscreen bikin putih gamang banget apply muka,neutral,0.8539860248565674
164,x,2025-06-05,amaterasun sunscreen bikin putih nyaman banget muka,positive,0.8005518913269043
165,x,2025-06-05,salah satu jalan ninjaku nih selalu pake amaterasun sunscreen bikin putih,neutral,0.750503659248352
168,x,2025-06-05,yuhu dia sunscreen yg sering aku pake amaterasun sunscreen bikin putih gampang loh apply,neutral,0.7903731465339661
169,x,2025-06-05,nggak bikin kusam bikin glowing natural kalau bukan amaterasun sunscreen bikin putih gak bikin abu monyet,positive,0.7195824980735779
170,x,2025-06-05,teng teng teng mau ngecun dulu nih gaes pake amaterasun sunscreen bikin putih yg jelas mudah applay ga bikin dempul,neutral,0.8594017028808594
171,x,2025-06-05,dia yg cari amaterasun sunscreen bikin putih udah lama pake liat banget kulit lindung papar matahari jadi lebih glowing,positive,0.9672650694847108
172,x,2025-06-05,amaterasun sunscreen bikin putih gak bikin abu monyet bahkan cerah,positive,0.6640352010726929
173,x,2025-06-05,nih gaes yg cobain yuk coba amaterasun sunscreen bikin putih kulit makin glowing loh,neutral,0.6618484258651733
174,x,2025-06-05,jelas kalau amaterasun sunscreen bikin putih gak bikin abu monyet,neutral,0.9445366859436036
175,x,2025-06-05,amaterasun sunscreen bikin putih melembabkan,neutral,0.7906691431999207
176,x,2025-06-05,bakal repurchase amaterasun sunscreen bikin putih,neutral,0.8157668709754944
177,x,2025-06-05,pasti amaterasun sunscreen bikin putih bisa cerah kulit,positive,0.7601215839385986
178,x,2025-06-05,paling suka sama amaterasun sunscreen bikin putih,positive,0.8522353768348694
179,x,2025-06-05,kulit kering pas nyobain amaterasun sunscreen bikin putih nyata cocok,positive,0.8727618455886841
180,x,2025-06-05,produk amaterasun sunscreen bikin putih bikin kulit jadi lembab,neutral,0.8385844826698303
181,x,2025-06-05,amaterasun sunscreen bikin putih best buying si dipake pantai hayukk,positive,0.98374605178833
182,x,2025-06-05,cepet banget resap kulit ngak bikin kulit jadi minyak amaterasun sunscreen bikin putih,positive,0.8894259333610535
184,x,2025-06-05,pake jadi asa ngak pake apa beneran ringan banget amaterasun sunscreen bikin putih,positive,0.8832162022590637
185,x,2025-06-05,bagus produk amaterasun sunscreen bikin putih gampang resap kulit,positive,0.7927361130714417
186,x,2025-06-05,pake amaterasun sunscreen bikin putih rekomendasi teman nyata emg bagus,positive,0.5106699466705322
188,x,2025-06-05,amaterasun sunscreen bikin putih koentji lindung ga kya pake topeng,neutral,0.8117454051971436
189,x,2025-06-05,gak perlu takut muka jadi abu sekarang cerah alami tiap hari amaterasun sunscreen bikin putih gak bikin abu monyet,positive,0.5810900926589966
190,x,2025-06-05,cepet banget resap kulit gak lengket amaterasun sunscreen bikin putih gak bikin abu monyet,positive,0.9226037859916688
191,x,2025-06-05,suka banget ngak bikim whitecast tentu amaterasun sunscreen bikin putih,positive,0.9894859790802002
193,x,2025-06-05,kulit jadi cerah natural bukan filter karena amaterasun sunscreen bikin putih,neutral,0.5348927974700928
194,x,2025-06-05,aku cobain kepo banget nyata cocok banget amaterasun sunscreen bikin putih,positive,0.9273019433021544
195,x,2025-06-05,amaterasun sunscreen bikin putih nyaman banget aku pake daily memprotek kulit ruang ac kantor,positive,0.5072581171989441
196,x,2025-06-05,gue udah pake bareng adek gue kita samasama suka amaterasun sunscreen bikin putih aman buat usia muda,positive,0.5157998204231262
197,x,2025-06-05,gue suka banget amaterasun sunscreen bikin putih gak kayak topeng tetep nyatu sama kulit,positive,0.9525571465492249
198,x,2025-06-05,alih ajaa amaterasun sunscreen bikin putihga bikin abu abu monyet dah anti whitecast,neutral,0.819997251033783
199,x,2025-06-05,ga bingung mau pake ss apa andal si amaterasun sunscreen bikin putih,positive,0.8728688359260559
200,x,2025-06-05,biasa bikin perih mata yang aman banget sih amaterasun sunscreen bikin putih gak bikin abu monyet,positive,0.8665426969528198
202,x,2025-06-05,udah nemu sunscreen gak ninggalin white cast coba deh amaterasun sunscreen bikin putih gak bikin abu monyet,neutral,0.8697974681854248
204,x,2025-06-05,amaterasun sunscreen bikin putih ga bikin abu abu monyet harus banget aku pake tiap hari,neutral,0.8155457973480225
205,x,2025-06-05,lo coba deh amaterasun sunscreen bikin putih dia tuh sekali primer jadi tinggal tap bedak udah cakep,positive,0.7662444114685059
206,x,2025-06-05,gak nyangka sunscreen enak pakai amaterasun sunscreen bikin putih rasa berat sama sekali,positive,0.9307043552398682
207,x,2025-06-05,buru dicobain produk yg satu minim whitecast ringan banget muka amaterasun sunscreen bikin putih,positive,0.8748417496681213
208,x,2025-06-05,makin lama pakai kulit aku makin halus cerah berkat pakai amaterasun sunscreen bikin putih gak bikin abu monyet,positive,0.8357888460159302
210,x,2025-06-05,amaterasun sunscreen bikin putih bikin aku males reapply,positive,0.5756195783615112
211,x,2025-06-05,pake hari kulit tetap nyaman liat cerah amaterasun sunscreen bikin putih gak bikin abu monyet,neutral,0.5168296098709106
212,x,2025-06-05,dia andal semua amaterasun sunscreen bikin putih ga bikin abu abu monyet best deh,positive,0.9925345182418824
213,x,2025-06-05,kulit sawo matang usah takut amaterasun sunscreen bikin putih tetep natural ngecast abuabu,positive,0.7298142313957214
214,x,2025-06-05,dulu susah banget nemu sunscreen ringan bikin cerah sampe akhir kenal sama amaterasun amaterasun sunscreen bikin putih,neutral,0.6655168533325195
218,x,2025-06-05,pakai makeup jadi nempel lebih bagus serius dehh jadi ayo langsung cobain amaterasun sunscreen bikin putih,neutral,0.5907637476921082
219,x,2025-06-05,spf besar ga bikin abu abu solusi amaterasun sunscreen bikin putih,neutral,0.9687683582305908
220,x,2025-06-05,lo suka skincare simple pakai amaterasun sunscreen bikin putih aja sekali primer cerah,positive,0.5193721055984497
221,x,2025-06-05,sunscreen gak bikin abu yes please amaterasun sunscreen bikin putih gak bikin abu monyet,neutral,0.9287929534912108
223,x,2025-06-05,amaterasun sunscreen bikin putih gak bikin abu monyet gampang aplikasi ga bkin kusemm,neutral,0.595130980014801
225,x,2025-06-05,sunscreen kayak gin tuh rare banget amaterasun sunscreen bikin putih ngebantu banget buat nutupin merah,positive,0.9801700711250304
226,x,2025-06-05,kulit kombinasi tetap cocok pakai beneran baik banget sih amaterasun sunscreen bikin putih gak bikin abu monyet,positive,0.9803436994552612
227,x,2025-06-05,udah skincarean capekcapek terus pake sunscreen malah jadi abu coba deh amaterasun sunscreen bikin putih no kusamkusam club,neutral,0.4226776659488678
228,x,2025-06-05,gue udah stop pake foundation tiap hari cukup amaterasun sunscreen bikin putih kulit gue liat bagus,neutral,0.6230612993240356
229,x,2025-06-05,nah nih amaterasun sunscreen bikin putih ga bikin jadi abuabu monyet gampang resap gampang blend,neutral,0.6695426106452942
230,x,2025-06-05,tone up favorit gue sekarang amaterasun sunscreen bikin putih gak patchy pas dipake,positive,0.8136657476425171
231,x,2025-06-05,amaterasun sunscreen bikin putih bukan putih keabuabuan putih cerah alami,neutral,0.8257027864456177
232,x,2025-06-05,nyangka nyaman pakai hari amaterasun sunscreen bikin putih gak bikin abu monyet,positive,0.5575541853904724
233,x,2025-06-05,amaterasun sunscreen bikin putih ga bikin abu abu monyet aman banget buat kulit kering kaya kulit,positive,0.8278788328170776
234,x,2025-06-05,gak takut muka belang amaterasun sunscreen bikin putih nyaman kulit,positive,0.9127169251441956
236,x,2025-06-05,hadiah pacar dong amaterasun sunscreen bikin putih gak bikin abu monyet pacar glowing hati gue neng,positive,0.9653708338737488
237,x,2025-06-05,amaterasun sunscreen bikin putih gak bikin abu monyet tekstur ringan hasil cerah gak bikin kusam,positive,0.7298445105552673
238,x,2025-06-05,udah coba pantai hasil mantap kulit tetap aman amaterasun sunscreen bikin putih gak bikin abu monyet,positive,0.7898659706115723
240,x,2025-06-05,kulit gue kusamkusamnya sekarang udah mending amaterasun sunscreen bikin putih nyata bantu,neutral,0.881662905216217
241,x,2025-06-05,buat remaja oke banget bikin berat kulit jelas amaterasun sunscreen bikin putih gak bikin abu monyet,positive,0.938376784324646
242,x,2025-06-05,yang aku suka amaterasun sunscreen bikin putih gak bikin abu monyet haha,positive,0.9443376660346984
244,x,2025-06-05,gak perlu takut muka jadi belang kusam amaterasun sunscreen bikin putih gak bikin abu monyet,neutral,0.6917277574539185
245,x,2025-06-05,dulu susah banget nemu sunscreen ringan bikin cerah sampe akhir kenal sama amaterasun amaterasun sunscreen bikin putih,neutral,0.5827807784080505
248,x,2025-06-05,amaterasun sunscreen bikin putih gak lihat aneh kulit nyatu banget,positive,0.8785675764083862
250,x,2025-06-05,amaterasun sunscreen bikin putih udah ya aku udah nyobain kok,positive,0.7586535811424255
251,x,2025-06-05,amaterasun sunscreen bikin putih glowing ribet,positive,0.8089274168014526
252,x,2025-06-05,amaterasun sunscreen bikin putih ini bukan gimmick hasil nyataaa,neutral,0.725740909576416
253,x,2025-06-05,gak takut makeup geser amaterasun sunscreen bikin putih gampang diblend,positive,0.72761070728302
254,x,2025-06-05,sunscreen satu udah bukan rahasia amaterasun sunscreen bikin putih gak bikin abu monyet,positive,0.8355107307434082
255,x,2025-06-05,amaterasun sunscreen bikin putih hasil natural gak medok gak abu,positive,0.6988285779953003
256,x,2025-06-05,amaterasun sunscreen bikin putih gak bikin abu monyet bahkan cerah,neutral,0.5148335099220276
258,x,2025-06-05,pakai amaterasun sunscreen bikin putih bahkan pas di rumah aja beneran enak,neutral,0.588431715965271
259,x,2025-06-05,sunscreen cocok kulit sensitif amaterasun sunscreen bikin putih,positive,0.6339927911758423
260,x,2025-06-05,jelas kalau amaterasun sunscreen bikin putih gak bikin abu monyet,neutral,0.9392982721328736
261,x,2025-06-05,amaterasun sunscreen bikin putih melembabkan,positive,0.5879991054534912
262,x,2025-06-05,neng banget akhir aku nemu sunscreen bener bener pas aku fix amaterasun sunscreen bikin putih gak bikin abu check out sini guys,positive,0.7388665676116943
264,x,2025-06-05,gak perlu takut muka jadi belang kusam amaterasun sunscreen bikin putih gak bikin abu monyet,neutral,0.7539947628974915
265,x,2025-06-05,bakal repurchase amaterasun sunscreen bikin putih,neutral,0.8411375284194946
266,x,2025-06-05,nyangka banget bantu kulit jadi lebih sehat berkat amaterasun sunscreen bikin putih gak bikin abu monyet,positive,0.9106187224388124
267,x,2025-06-05,amaterasun sunscreen bikin putih gak bikin abu monyet gampang aplikasi ga bkin kusemm,neutral,0.7304801344871521
268,x,2025-06-05,cari sunscreen bikin kulit cerah beneran amaterasun sunscreen bikin putih kok bukan abuabu,neutral,0.8953967094421387
269,x,2025-06-05,kalau kulit oily kayak aku kamu bakal suka amaterasun sunscreen bikin putih gak bikin abu monyet,positive,0.9374205470085144
271,x,2025-06-05,amaterasun sunscreen bikin putih toneupnya dapet banget nggak bikin muka jadi abuabu kayak hantu cerah natural banget,positive,0.9790000319480896
272,x,2025-06-05,ayoo buru dicobain produk yg satu minim whitecast ringan banget muka amaterasun sunscreen bikin putih,positive,0.843997597694397
274,x,2025-06-05,gue sih tim sunscreen gak drama makanya pilih amaterasun sunscreen bikin putih soal hidup aja udah cukup ribet,neutral,0.7872391939163208
275,x,2025-06-05,gak mau putih bohong coba aja amaterasun sunscreen bikin putih gak bikin abu monyet,neutral,0.6958878636360168
276,x,2025-06-05,cerah alami gak over amaterasun sunscreen bikin putih gak bikin abu monyet,positive,0.8920067548751831
278,x,2025-06-05,kulit gampang abu tiap pake sunscreen dengerin kata gue ni amaterasun sunscreen bikin putih gak bikin abu monyet tuh solusi bukan sekadar janjijanji marketing,neutral,0.7969759702682495
279,x,2025-06-05,arghhh neng banget coba agam merk fix amaterasun sunscreen bikin putih gak bikin abu emang top tier nih sunscreen gas check out guys,positive,0.9238360524177552
280,x,2025-06-05,nyoba amaterasun langsung paham hypenya sunscreen bikin putih gak abu monyet tuh nyata,positive,0.8020954132080078
281,x,2025-06-05,sunscreen amaterasun kulit cerah instan gray cast magic apa apa sih amaterasun sunscreen bikin putih guys,neutral,0.7806136012077332
282,x,2025-06-05,neng nih gue nemu amaterasun sunscreen bikin putih gak bikin abu woyy mana light banget kulit enak pol,positive,0.945543885231018
283,x,2025-06-05,udah skincarean rajin masa hasil akhir abu ganti dong amaterasun sunscreen bikin putih gak bikin abu monyet trust me enak banget finishnya,positive,0.9945084452629088
286,x,2025-06-05,neng akhir aku nemu sunscreen bener bener pas aku fix amaterasun sunscreen bikin putih gak bikin abu check out sini guys,positive,0.511771559715271
290,x,2025-06-05,gue gak butuh filter cukup pake amaterasun sunscreen bikin putih langsung naik level jadi best version of me,positive,0.6076647639274597
292,x,2025-06-05,gue kaget sih efek cerah langsung liat amaterasun sunscreen bikin putih gak medok,positive,0.8408598899841309
293,x,2025-06-05,neng banget gue coba agam merk fix amaterasun sunscreen bikin putih gak bikin abu emang top tier nih sunscreen gas check out guys,positive,0.7929383516311646
294,x,2025-06-05,baru nemu sunscreen lokal nggak bikin abu tone up amaterasun bikin putih tekstur ringan parah,positive,0.6216826438903809
295,x,2025-06-05,dulu kalo pake sunscreen muka pucet sekarang amaterasun sunscreen bikin putih tetap glowing kayak anak sultan hahaha,neutral,0.6810469627380371
296,x,2025-06-05,neng banget woy fix bener nih amaterasun sunscreen bikin putih gak bikin abu woyy mana light banget kulit enak pol,positive,0.9924975037574768
297,x,2025-06-05,cocok banget buat daily use hasil makin glowing ayoo buru poin amaterasun sunscreen bikin putih gak bikin abu monyet,positive,0.922261357307434
298,x,2025-06-05,bukan sunscreen biasa amaterasun sunscreen bikin putih gak bikin abu monyet tuh literally selamat muka panas udah derajat,positive,0.7373871803283691
301,x,2025-06-05,finally aku nemu sunscreen bener bener pas aku fix amaterasun sunscreen bikin putih gak bikin abu check out sini guys,neutral,0.7324832081794739
303,x,2025-06-05,baru kali nemu sunscreen bikin glowing bukan ngelabuin amaterasun sunscreen bikin putih gak bikin abu monyet linknya ya,neutral,0.7664203643798828
304,x,2025-06-05,gue gak suka ribet sunscreen ngerti banget vibenya amaterasun sunscreen bikin putih cepet nyerap amp hasil nyenengin,positive,0.8868494629859924
305,x,2025-06-05,beneran ringan banget muka makanya aku suka banget sama amaterasun sunscreen bikin putih,positive,0.9801946878433228
309,x,2025-06-05,coba agam merk fix amaterasun sunscreen bikin putih gak bikin abu emang top tier nih sunscreen gas check out guys,neutral,0.6079553961753845
310,x,2025-06-05,coba deh sekali aja pakai lo bakal ngerti amaterasun sunscreen bikin putih langsung liat fresh,positive,0.6863969564437866
312,x,2025-06-05,sunscreen fav gue karna nyaman bgt d pke ini tuh amaterasun sunscreen bikin putih gak bikin abu monyet,positive,0.881475031375885
313,x,2025-06-05,jangan tunggu kulit kalian protes dulu baru cari sunscreen mulai sekarang aja pake amaterasun sunscreen bikin putih gak bikin abu monyet,neutral,0.8721387386322021
315,x,2025-06-05,nyangka amaterasun sunscreen bikin putih sekaligus lindung kulit sinar uv,positive,0.5610790252685547
316,x,2025-06-05,jangan ngaku cowo keren kalo blom pake amaterasun sunscreen bikin putih ga bikin abu monyet,neutral,0.7231740951538086
317,x,2025-06-05,repurchase of course yes udah mau coba lain tetap setia sama amaterasun sunscreen bikin putih,positive,0.5914176106452942
318,x,2025-06-05,hasil akhir amaterasun sunscreen bikin putih ga kayak tone up biasa ini lebih soft natural lebih ringan ga bikin abu,positive,0.9206791520118712
319,x,2025-06-05,baru nemu sunscreen beneran bikin putih gak abuabu aneh amaterasun sunscreen is the truth,neutral,0.8078489303588867
320,x,2025-06-05,enak banget kulit tekstur ringan gak greasy amaterasun sunscreen bikin putih,positive,0.9897730946540833
321,x,2025-06-05,finally aku nemu sunscreen bener bener pas aku fix amaterasun sunscreen bikin putih gak bikin abu check out sini guys,neutral,0.7583281397819519
322,x,2025-06-05,amaterasun sunscreen bikin putih gak bikin abu monyet tekstur ringan hasil cerah gak bikin kusam,positive,0.7389141917228699
323,x,2025-06-05,lokal kalah yang luar amaterasun sunscreen bikin putih cerahinnya santun nyeremin ga jadi abu,positive,0.9524915218353271
324,x,2025-06-05,hasil akhir natural banget no white cast amaterasun sunscreen bikin putih gak bikin abu monyet,positive,0.8080165982246399
325,x,2025-06-05,gak ngerti kenapa bagus amaterasun sunscreen bikin putih no iritasi sama sekali,positive,0.7106409668922424
326,x,2025-06-05,sunscreen baik gw yg pling gampang apply nyaman pke amaterasun sunscreen bikin putih kulit auto glowing,positive,0.992093026638031
327,x,2025-06-05,glowingnya natural bukan licin minyak gitu bikin tagih jadi maka amaterasun sunscreen bikin putih gak bikin abu monyet,positive,0.9522132277488708
328,x,2025-06-05,banyak cari amaterasun sunscreen bikin putih efek cerah bikin kusam,neutral,0.9021403789520264
329,x,2025-06-05,apply layer doang langsung kayak dapet blessing matahari amaterasun sunscreen bikin putih gak dead fish look dong,neutral,0.7012357711791992
330,x,2025-06-05,sunscreen gak bikin abu efek tone up best combo amaterasun sunscreen bikin putih gak bikin abu monyet,positive,0.5598522424697876
332,x,2025-06-05,nyangka sunscreen lokal keren amaterasun sunscreen bikin putih benerbener no whitecast anehaneh,negative,0.9730128049850464
333,x,2025-06-05,kemas tekstur sampe hasil kulit semua juara banget amaterasun sunscreen bikin putih,positive,0.9931332468986512
334,x,2025-06-05,nyaman banget sih pakai asa gak pake apaapa amaterasun sunscreen bikin putih,positive,0.955063819885254
335,x,2025-06-05,balita sampe tua cewe sampe cowo sunscreen bnaget dipake yaph amaterasun sunscreen bikin putih,positive,0.6312053203582764
336,x,2025-06-05,aku coba penasaran eh beneran amaterasun sunscreen bikin putih tahap halus banget kulit,positive,0.7987093329429626
337,x,2025-06-05,bukan kaleng kaleng loh kalau dibilangin amaterasun sunscreen bikin putih coba aja bukti,neutral,0.8917129039764404
338,x,2025-06-05,udah repurchase x saking cinta amaterasun sunscreen bikin putih,neutral,0.5650096535682678
339,x,2025-06-05,gak pernah nyesel pake amaterasun sunscreen bikin putih gak bikin abu monyet,positive,0.9570673108100892
340,x,2025-06-05,produk amaterasun sunscreen bikin putih bikin kulit jadi lembab,neutral,0.6938976049423218
341,x,2025-06-05,gong banget sih hasil akhir nya amaterasun sunscreen bikin putih ga se dempul abu,positive,0.8144838809967041
342,x,2025-06-05,biasa males bgt ini malah bikin nagih emang mantep sekali amaterasun sunscreen bikin putih gak bikin abu monyet,positive,0.888490617275238
344,x,2025-06-05,sunscreen bikin putihkulit sehat tuh harus kusam amaterasun kasih lindung plus aura cerah bukan vibe monyet capek,positive,0.7320489883422852
346,x,2025-06-05,bagus produk amaterasun sunscreen bikin putih gampang resap kulit,positive,0.9177798628807068
347,x,2025-06-05,sunscreen gak toxic relationship sama kulit kalian tuh jarang amaterasun sunscreen bikin putih gak bikin abu monyet beneran safe zone,positive,0.8146324753761292
348,x,2025-06-05,nyangka sunscreen keren amaterasun sunscreen bikin putih benerbener no whitecast anehaneh,negative,0.9675700664520264
349,x,2025-06-05,jujur amaterasun sunscreen bikin putih bukan mitos kulit sekarang lebih glowing belum,positive,0.8331049680709839
350,x,2025-06-05,amaterasun sunscreen bikin putih gak bikin abu monyet serius kulit jd cerah suka bgt sm sunscreen satu ini,positive,0.8432302474975586
353,x,2025-06-05,sunscreen serasa pake skincare loh amaterasun sunscreen bikin putih ada kandung cerah,positive,0.8937162756919861
354,x,2025-06-05,amaterasun sunscreen bikin putih cerah dapet glownya dapet abuabunya nol,neutral,0.7394962906837463
356,x,2025-06-05,paling suka sama amaterasun sunscreen bikin putih,positive,0.9665716886520386
357,x,2025-06-05,coba agam merk fix amaterasun sunscreen bikin putih gak bikin abu emang top tier nih sunscreen gas check out guys,neutral,0.901833951473236
358,x,2025-06-05,gue suka dia tuh gak efek abu sama sekali amaterasun sunscreen bikin putih pas kulit,positive,0.9359065294265748
360,x,2025-06-05,pasti amaterasun sunscreen bikin putih bisa cerah kulit,positive,0.9248146414756776
362,x,2025-06-05,finally nemu sunscreen cerahinnya elegan bukan kayak pakai bedak tingkat lebih putih amaterasun sunscreen bikin putih lebih normal love you,positive,0.9443047046661376
364,x,2025-06-05,kalau kalian bilang amaterasun sunscreen bikin putih yappp gue percaya katena gue udah coba,positive,0.526481568813324
365,x,2025-06-05,minggu pakai aku bilang amaterasun sunscreen bikin putih hasil natural,positive,0.6434800624847412
366,x,2025-06-05,amaterasun sunscreen bikin putih gak bikin kalian jadi abu mirip itu,neutral,0.9121858477592468
367,x,2025-06-05,sekarang aku punya sayang baru amaterasun sunscreen bikin putih bagus banget finish nya gak bikin abu gas check out geys,neutral,0.5417877435684204
368,x,2025-06-05,suka banget sama efek tone upnya amaterasun sunscreen bikin putih kulit jadi lebih fresh,positive,0.9821181297302246
369,x,2025-06-05,kulit suka ngambek kalo pake sunscreen trust me cobain amaterasun sunscreen bikin putih gak bikin abu monyet literally calm cling cantik,positive,0.7688274383544922
370,x,2025-06-05,pliss akhir nemu amaterasun sunscreen bikin putih gak bikin abu emang produk gak yg gagal sih semua bagus kulit aku gas co belum habis,positive,0.8125856518745422
374,x,2025-06-05,klo tanya sunscreen yg bikin putih yg pling nyaman pke udh amaterasun sunscreen bikin putih gak bikin abu monyet sumpa sunscreen bgus bggt,positive,0.91158789396286
375,x,2025-06-05,bagus banget woy amaterasun sunscreen bikin putih finish nya gak bikin abu ih perfect pol suka bangeeet bakal aku pake hari hari sih,positive,0.9877710342407228
376,x,2025-06-05,gue sempet takut iritasi nyata enggak amaterasun sunscreen bikin putih aman kulit sensitif,positive,0.620921790599823
378,x,2025-06-05,akhir nemu sunscreen yg dipake hari amaterasun sunscreen bikin putih gak bikin abu tone up nya gak lebay sukaa banget,positive,0.9313181638717652
379,x,2025-06-05,kalau kalian coba gak bakal tau kalau amaterasun sunscreen bikin putih gak bikin abu monyet,neutral,0.8491954207420349
380,x,2025-06-05,amaterasun tuh definisi cerah bukan pucat abu sunscreennya ringan finishnya cakep bener definisi sunscreen bikin putih sehat,positive,0.9781880378723145
382,x,2025-06-05,akhir nemu sunscreen cocok banget aku si amaterasun sunscreen bikin putih ini suka banget krn tone up nya gak lebay bikin abu gitu lohh,positive,0.9807377457618712
384,x,2025-06-05,amaterasun sunscreen bikin putih tidak ragu hasil,positive,0.6325960755348206
385,x,2025-06-05,cari sunscreen sekaligus cerah amaterasun sunscreen bikin putih cocok semua jenis kulit,positive,0.7373471260070801
386,x,2025-06-05,gue suka simple ngaruh kayak amaterasun sunscreen bikin putih gak bikin abu monyet gak ribet hasil bikin kaget,positive,0.969337284564972
387,x,2025-06-05,suka banget sama efek cerah amaterasun sunscreen bikin putih bukan putih lebay glow sehat gitu no abuabu,positive,0.993868052959442
388,x,2025-06-05,sekarang aku punya sayang baru amaterasun sunscreen bikin putih bagus banget finish nya gak bikin abu gas check out geys,neutral,0.6633513569831848
389,x,2025-06-05,baru apply detik udah kayak habis facial aesthetic clinic amaterasun sunscreen bikin putih vibesnya mahal banget,negative,0.9783491492271424
390,x,2025-06-05,pliss akhir nemu amaterasun sunscreen bikin putih gak bikin abu emang produk gak yg gagal sih semua bagus kulit aku gas co belum habis,positive,0.7408871054649353
391,x,2025-06-05,kulit sehat tuh harus kusam amaterasun kasih lindung plus aura cerah sunscreen bikin putih,positive,0.9493315815925598
392,x,2025-06-05,udah bukan jaman sunscreen tebal kayak dempul sekarang menang tuh amaterasun sunscreen bikin putih gak bikin abu monyet langsung auto soft glow,neutral,0.8383588790893555
393,x,2025-06-05,sunscreen bisa cerahin no gray cast amaterasun sunscreen bikin putih no abu,neutral,0.907404899597168
394,x,2025-06-05,bagus banget woy amaterasun sunscreen bikin putih finish nya gak bikin abu ih perfect pol suka bangeeet bakal aku pake hari hari sih,positive,0.9851127862930298
395,x,2025-06-05,mending pake amaterasun sunscreen bikin putih udah bukti pakai muka aku suka sama ss amaterasun,neutral,0.7319096922874451
396,x,2025-06-05,dia sunscreen bener amaterasun sunscreen bikin putih gak bikin abu monyet,positive,0.6169320940971375
397,x,2025-06-05,amaterasun sunscreen bikin putih memang produk sesuatu sekali puasss,positive,0.978797972202301
398,x,2025-06-05,nyari sunscreen toneup gak lebay gas coba amaterasun sunscreen bikin putih gak bikin abu monyet amaterasun sunscreen nyaman banget sih apply cek sini,positive,0.9523596167564392
399,x,2025-06-05,gue suka banget sunscreen gak ribet gak lengket hasil nyala amaterasun sunscreen bikin putih gak spooky sama sekali wehh,positive,0.9826822280883788
400,x,2025-06-05,akhir nemu sunscreen yg dipake hari amaterasun sunscreen bikin putih gak bikin abu tone up nya gak lebay sukaa banget,positive,0.955346941947937
401,x,2025-06-05,amaterasun sunscreen bikin putih harus repot pakai banyak produk praktis banget buat kamu sibuk,positive,0.8891283869743347
402,x,2025-06-05,akhir nemu sunscreen cocok banget aku si amaterasun sunscreen bikin putih ini suka banget krn tone up nya gak lebay bikin abu gitu lohh,positive,0.989056408405304
403,x,2025-06-05,gue tuh anti ribet sunscreen tuh bikin semangat reapply amaterasun sunscreen bikin putih gampang diblend amaterasun sunscreen nyaman banget sih apply nih linknya,positive,0.9798840284347534
405,x,2025-06-05,kalau suka sunscreen ringan bikin cerah amaterasun sunscreen bikin putih jadi opsi baik,positive,0.7700777053833008
406,x,2025-06-05,skincare penting sunscreen tuh fardu ain yang kayak amaterasun sunscreen bikin putih udah ringan bikin pede full,positive,0.7434967756271362
407,x,2025-06-05,gak berat gak lengket tetap bikin cerah amaterasun sunscreen bikin putih tuh juara,positive,0.9442185759544371
410,x,2025-06-05,baru nemu sunscreen gak bikin greasy ringan banget amaterasun sunscreen bikin putih gak bikin abu monyet amaterasun sunscreen nyaman banget sih apply cek sini,positive,0.9793176651000975
411,x,2025-06-05,jangan kaget kalo kulit lo makin cerah amaterasun sunscreen bikin putih beneran rasa tiap pagi,positive,0.8104901313781738
412,x,2025-06-05,sekarang aku punya sayang baru amaterasun sunscreen bikin putih bagus banget finish nya gak bikin abu gas check out geys,neutral,0.7343197464942932
415,x,2025-06-05,gw udah pakai minggu beneran liat loh amaterasun sunscreen bikin putih rata,neutral,0.5714464783668518
416,x,2025-06-05,pliss akhir nemu amaterasun sunscreen bikin putih gak bikin abu emang produk gak yg gagal sih semua bagus kulit aku gas co belum habis,positive,0.7627851963043213
417,x,2025-06-05,udah lama nyari sunscreen kayak gin amaterasun sunscreen bikin putih gak bikin abu monyet,neutral,0.7435876727104187
418,x,2025-06-05,baru nemu sunscreen gak bikin greasy ringan banget amaterasun sunscreen bikin putih gak bikin abu monyet amaterasun sunscreen nyaman banget sih apply cek sini,positive,0.9678083062171936
419,x,2025-06-05,dulu takut pake sunscreen karna takut muka jadi kusam sekarang mah pede dong amaterasun sunscreen bikin putih rasa tuh ringan bgt,positive,0.9733272194862366
421,x,2025-06-05,bagus banget woy amaterasun sunscreen bikin putih finish nya gak bikin abu ih perfect pol suka bangeeet bakal aku pake hari hari sih,positive,0.9714473485946656
422,x,2025-06-05,amaterasun sunscreen bikin putih lho spf jadi bikin grrrrr,neutral,0.5516247153282166
424,x,2025-06-05,skincare routine gak lengkap ini amaterasun sunscreen nyaman banget sih apply,positive,0.90965074300766
425,x,2025-06-05,akhir nemu sunscreen yg dipake hari amaterasun sunscreen bikin putih gak bikin abu tone up nya gak lebay sukaa banget,positive,0.9749869108200072
426,x,2025-06-05,dulu nyari sunsreen susah banget kulit aku semenjak pakai amaterasun sunscreen bikin putih lohh,positive,0.6121220588684082
427,x,2025-06-05,tuh sunscreen sekali bantu prepare kulit buat makeup amaterasun sunscreen bikin putih nempel banget makeupnya,positive,0.8336928486824036
428,x,2025-06-05,akhir nemu produk lokal bagus banget kalau bukan amaterasun sunscreen bikin putih gak bikin abu monyet,positive,0.9229586720466614
429,x,2025-06-05,akhir nemu sunscreen cocok banget aku si amaterasun sunscreen bikin putih ini suka banget krn tone up nya gak lebay bikin abu gitu lohh,positive,0.9898986220359802
430,x,2025-06-05,jangan salah pilih sunscreen ingat amaterasun sunscreen bikin putih hasil real,neutral,0.7821534276008606
431,x,2025-06-05,buat yg suka bingung milih sunscreen nih gw kasih rekomen amaterasun sunscreen bikin putih gak bikin abu monyet nyaman bgt pake nya,positive,0.8862619996070862
432,x,2025-06-05,lo cobain deh amaterasun sunscreen bikin putih gak lebay ringan banget tekstur,positive,0.7228518724441528
433,x,2025-06-05,gue tuh skeptis sama sunscreen ngasih efek putihputih takut abu eh nyata amaterasun sunscreen bikin putih gak bikin abu monyet amaterasun sunscreen nyaman banget sih apply langsung cek aja,positive,0.6091563701629639
434,x,2025-06-05,sini rapat amaterasun sunscreen bikin putih hasil glowing nggk abu gituu,neutral,0.8669049739837646
435,x,2025-06-05,langsung repurchase sih soal amaterasun sunscreen bikin putih gak bikin abu monyet,neutral,0.8578870296478271
436,x,2025-06-05,gak ngerti nemu sunscreen enak banget dipake tiap hari amaterasun sunscreen bikin putih ga lengket sama sekali amaterasun sunscreen nyaman banget sih apply linknya nih,positive,0.992104172706604
437,x,2025-06-05,biasa sunscreen abu yang amaterasun sunscreen bikin putih gak bikin abu monyet beneran autoglow,neutral,0.7976685762405396
438,x,2025-06-05,lo suka skincarean cepet hasil gak nih cobain amaterasun sunscreen bikin putih pakai pertama,neutral,0.6241783499717712
439,x,2025-06-05,sumpah amaterasun sunscreen bikin putih beneran kulit tuh liat satu tingkat lebih cerah biasa,positive,0.960358738899231
440,x,2025-06-05,habis pakai rasa kulit beneran lindung glowing amaterasun sunscreen nyaman banget sih apply,positive,0.9805567264556884
443,x,2025-06-05,dia lagi viral amaterasun sunscreen bikin putih hasil glowing banget pasti,neutral,0.5681970119476318
444,x,2025-06-05,gue nemu sunscreen bisa sekali jadi color corrector yang paling penting amaterasun sunscreen bikin putih,neutral,0.6165677309036255
445,x,2025-06-05,padahal aku udah coba beberapa merek balik ke amaterasun sunscreen bikin putih gak bikin abu monyet nyaman banget muka,positive,0.9345489740371704
446,x,2025-06-05,gua sering ganti sunscreen smpe akhir nemu sunscreen yg cocok bikin kulit putih amaterasun sunscreen bikin putih gak bikin abu monyet,positive,0.534359872341156
447,x,2025-06-05,muka sekarang tiap hari siap foto garagara amaterasun sunscreen bikin putih gak bikin abu monyet,neutral,0.8498367071151733
449,x,2025-06-05,buat suka tampil natural cerah cobain deh amaterasun sunscreen bikin putih lembut,positive,0.8071236610412598
450,x,2025-06-05,gak nyangka sunscreen ngasih efek kayak makeup amaterasun sunscreen bikin putih bikin kulit glowing,positive,0.5117195248603821
451,x,2025-06-05,mantep nih cinta banget sama amaterasun sunscreen bikin putih hasil glowing bangettt sukakkk,positive,0.9896146655082704
452,x,2025-06-05,amaterasun sunscreen bikin putih tetep natural gak perlu pake efek filter deh xixiii,positive,0.5173824429512024
453,x,2025-06-05,buat lo cari tone up sunscreen aman dia amaterasun sunscreen bikin putih cocok buat remaja,neutral,0.8431388735771179
456,x,2025-06-05,aku coba nyata amaterasun sunscreen bikin putih gak bikin abu monyet putih loh cerah,positive,0.5486751198768616
457,x,2025-06-05,amaterasun sunscreen bikin putih gak bikin breakout padahal kulit gue sensitif banget,neutral,0.6106719970703125
458,x,2025-06-05,sunscreen abuabu amaterasun auto glowing bukan monyet rebah sunscreen bikin putih,neutral,0.9452979564666748
459,x,2025-06-05,gak percaya sunscreen keren coba aja amaterasun sunscreen bikin putih gak bikin abu monyet,neutral,0.768256425857544
460,x,2025-06-05,gue pake tiap hari makin lama makin cerah kulit amaterasun sunscreen bikin putih efek tahan lama,positive,0.9261303544044496
461,x,2025-06-05,siapa yg suka sama hasil wow banget kek artis korea amaterasun sunscreen bikin putih hasil paling okeee,positive,0.9922453761100768
462,x,2025-06-05,amaterasun sunscreen bikin putih cocok buat remaja adik umur udah pakai dia suka,positive,0.9491884112358092
463,x,2025-06-05,gue apply belum keluar temen langsung bilang eh kulit lo cerah yes amaterasun sunscreen bikin putih gak dempul vibes,positive,0.708796501159668
464,x,2025-06-05,parah sih gue pake tiap pagi langsung liat cerah amaterasun sunscreen bikin putih real,negative,0.4476496875286102
465,x,2025-06-05,andal aku bgt amaterasun sunscreen bikin putih nyaman pke,positive,0.9634597301483154
466,x,2025-06-05,gak heran banyak suka amaterasun sunscreen nyaman banget sih apply,positive,0.9925984144210817
468,x,2025-06-05,gak salah pilih amaterasun sunscreen bikin putih makin cantik,positive,0.8334470391273499
469,x,2025-06-05,gak lebay sih amaterasun sunscreen bikin putih beneran bantu ningkatin tone kulit gue seluruh,positive,0.7604058384895325
470,x,2025-06-05,kulit gampang abu kalo pake sunscreen rapat amaterasun sunscreen bikin putih gak bikin abu monyet tuh life saverrr,neutral,0.6664770841598511
471,x,2025-06-05,cowo harus memprotek kulit dong makanya pake amaterasun sunscreen bikin putih,neutral,0.8164594173431396
473,x,2025-06-05,amaterasun bikin putih bukan abuabu kayak monyet lama mikir amaterasun sunscreen bikin putih,neutral,0.8214225172996521
474,x,2025-06-05,gue suka gak ninggalin whitecast aneh amaterasun sunscreen bikin putih nyatu kulit,neutral,0.5921528339385986
475,x,2025-06-05,amaterasun sunscreen bikin putih finishnya tuh lembut kayak udah pakai base makeup multifungsi banget,positive,0.9780820608139038
476,x,2025-06-05,udah cakep natural nyaman amaterasun sunscreen bikin putih gak bikin abu monyet,positive,0.8159209489822388
478,x,2025-06-05,amaterasun sunscreen bikin putih gak bikin heboh beneran toneupnya halus amp aman lihat,neutral,0.5053112506866455
479,x,2025-06-05,bagus loh amaterasun sunscreen bikin putih gak bikin abu monyet,positive,0.748525083065033
482,x,2025-06-05,amaterasun sunscreen bikin putih loh gak percaya cobain aja biar gak nyesel,positive,0.590251624584198
483,x,2025-06-05,amaterasun sunscreen bikin putih bukan jadi coklat hehee cobain deh,neutral,0.7711983919143677
484,x,2025-06-05,nih abis pakai amaterasun sunscreen bikin putih muka gue langsung liat cerah satu tingkat,neutral,0.6470765471458435
485,x,2025-06-05,jujur amaterasun sunscreen nyaman banget sih apply hasil gak lebay,positive,0.9899069666862488
486,x,2025-06-05,sumpah suka banget sama amaterasun sunscreen bikin putih hasil glowing muka akuu,positive,0.9944902658462524
488,x,2025-06-05,udah gak takut foto kena flash amaterasun sunscreen bikin putih no abu no ashy no insecure,neutral,0.6340789794921875
489,x,2025-06-05,enak banget pakai tekstur ringan hasil mantul amaterasun sunscreen bikin putih cerah,positive,0.98700213432312
490,x,2025-06-05,baru nemu holy grail sunscreen amaterasun sunscreen bikin putih tetap ringan kulit,neutral,0.8043886423110962
492,x,2025-06-05,gak nyangka tone up nyaman amaterasun sunscreen bikin putih gak bikin minyak,positive,0.7468774914741516
493,x,2025-06-05,amaterasun sunscreen suka banget pakenya bikin putih gak bikin abu monyet,positive,0.9415978789329528
494,x,2025-06-05,aku udah coba banyak sunscreen baru amaterasun sunscreen bikin putih gak bikin abu monyet terus hasil natural banget,positive,0.9735867977142334
496,x,2025-06-05,tahu gak sih gue pakai amaterasun sunscreen bikin putih minggu aja udah liat cerah,neutral,0.8655693531036377
497,x,2025-06-05,hasil wow banget kek artis korea amaterasun sunscreen bikin putih hasil paling okeee,positive,0.9901494979858398
498,x,2025-06-05,kalian sadar gak sih sunscreen kayak magic filter amaterasun sunscreen bikin putih gak bikin abu monyet finishnya tuh halus bgt dongg,positive,0.7945473194122314
499,x,2025-06-05,amaterasun sunscreen bikin putih natural ga abu gitu gue pakai tiap pagi langsung cerah hari,positive,0.5798498392105103
500,x,2025-06-05,kalo nemu sunscreen enak gin sayang banget gak dishare amaterasun sunscreen nyaman banget sih apply,positive,0.9871538281440736
501,x,2025-06-05,gue kira bakal whitecast parah nyata enggak amaterasun sunscreen bikin putih tuh natural banget,positive,0.8564442992210388
502,x,2025-06-05,keluar rumah jadi lebih pede amaterasun sunscreen bikin putih gak bikin abu monyet,positive,0.9574167728424072
503,x,2025-06-05,wow ada amaterasun sunscreen bikin putih gak minder sama teman lain,positive,0.8189541697502136
504,x,2025-06-05,guys guys cobain deh pake amaterasun sunscreen beneran loh bikin putih gak bikin abu monyet,neutral,0.8467013239860535
505,x,2025-06-05,kalau kamu cari sunscreen bikin cerah gak bikin muka abuabu kayak monyet cobain deh amaterasun sunscreen beneran bikin putih gak abu monyet,neutral,0.8532347083091736
507,x,2025-06-05,gue udah pake doang tiap pagi hasil udah kayak pakai base makeup amaterasun sunscreen bikin putih praktis banget,positive,0.8563680648803711
508,x,2025-06-05,bikin cantik putih lindung kulit amaterasun sunscreen bikin putih ga bikin abu abu monyet,neutral,0.7606433033943176
509,x,2025-06-05,pake belum makeup bikin hasil flawless amaterasun sunscreen bikin putih,neutral,0.7556276321411133
510,x,2025-06-05,cuaca panaspanasan tetep glowing yes please amaterasun sunscreen bikin putih tahan lama banget,positive,0.9356729388237
512,x,2025-06-05,gue cobain direkomendasiin temen bener aja amaterasun sunscreen bikin putih glowing alami,positive,0.848543107509613
513,x,2025-06-05,bagus loh amaterasun sunscreen bikin putih gak bikin abu monyet jadi pd pakenya,positive,0.6293268799781799
514,x,2025-06-05,sunscreen sih juara amaterasun sunscreen bikin putih gak bikin abu monyet serius,positive,0.8913317322731018
515,x,2025-06-05,sunscreen multifungsi banget amaterasun sunscreen bikin putih bisa jadi base makeup,positive,0.9504610896110536
517,x,2025-06-05,kulit cerah bukan arti kusam amaterasun tuh putih bener bukan kayak filter gagal amaterasun sunscreen bikin putih,positive,0.6363937854766846
518,x,2025-06-05,bukan kata kalau amaterasun sunscreen bikin putih emag gue udah nyobain kulit gue jadi putih,neutral,0.8074679970741272
520,x,2025-06-05,hari gin pakai sunscreen bikin kulit jadi abu mending ganti sunscreen amaterasun amaterasun sunscreen bikin putih gak bikin abu monyet,neutral,0.90101420879364
521,x,2025-06-05,serius deh amaterasun sunscreen bikin putih gak bikin abu monyet jadi gak takut pakai sunscreen luar rumah,positive,0.8838142156600952
522,x,2025-06-05,tipe tone up gak fake amaterasun sunscreen bikin putih hasil flawless,positive,0.9036821722984314
523,x,2025-06-05,asli baru coba beberapa kali mulai hasil amaterasun sunscreen bikin putih,neutral,0.8702230453491211
524,x,2025-06-05,ga lengket ga berat pokok amaterasun sunscreen nyaman banget sih apply,positive,0.9727247357368468
525,x,2025-06-05,gak bikin muka abu gak berat amaterasun sunscreen bikin putih nyatu banget sama kulit,positive,0.8930453658103943
527,x,2025-06-05,suka banget loh sama amaterasun sunscreen bikin putih gak bikin abu monyet loh mana aku hasilnha bagus,positive,0.994806468486786
528,x,2025-06-05,gak dempul gak lengket tetep cerahin amaterasun sunscreen bikin putih,positive,0.90309739112854
529,x,2025-06-05,mager makeupan cukup amaterasun sunscreen bikin putih udah lihat kinclong,neutral,0.7492744326591492
530,x,2025-06-05,gak lebay gak dempul gak ghosting serius amaterasun sunscreen bikin putih gak bikin abu monyet,neutral,0.7323459982872009
531,x,2025-06-05,baru kali nemu sunscreen hasil beneran liat amaterasun sunscreen bikin putih pakai pertama,positive,0.5660516023635864
532,x,2025-06-05,dulu aku trauma sama sunscreen bikin muka abuabu amaterasun sunscreen bikin putih gak bikin abu monyet akhir ketemu cocok,neutral,0.7040238380432129
533,x,2025-06-05,sunscreen rasa skincare yes amaterasun sunscreen bikin putih tekstur ringan banget,positive,0.8627064228057861
534,x,2025-06-05,kulit cerah instan tetep sehat yes please amaterasun sunscreen bikin putih,neutral,0.9472323060035706
535,x,2025-06-05,cinta sama amaterasun gak mainmain amaterasun sunscreen bikin putih,neutral,0.6481596231460571
536,x,2025-06-05,beneran si pakai amaterasun sunscreen bikin putih itu bukti loh aku love bgt,positive,0.8727421164512634
537,x,2025-06-05,percaya deh amaterasun sunscreen bikin putih kulit gue tuh liat glowing cerah tiap hari,positive,0.9421255588531494
538,x,2025-06-05,sesuatu baru buat yakin amaterasun sunscreen bikin putih,neutral,0.5458667874336243
539,x,2025-06-05,gue baru sadar kulit gue makin cerah akhirakhir nyata garagara amaterasun sunscreen bikin putih cerah,neutral,0.9202070236206056
540,x,2025-06-05,amaterasun sunscreen bikin putih hasil dewy cocok banget buat kamu suka no makeup look,positive,0.980741560459137
541,x,2025-06-05,sini kumpul sama sunscreenya amaterasun sunscreen bikin putih nggk bikin abu lagi,neutral,0.9089840054512024
543,x,2025-06-05,cobain deh pake amaterasun sunscreen dipake tu bikin putih gak bikin abu monyet loh,neutral,0.6883256435394287
546,x,2025-06-05,muka auto bening abis pake amaterasun sunscreen bikin putih gak bikin abu monyet bukan mitos guyss,neutral,0.6817111968994141
548,x,2025-06-05,gak mau kulit abuabu kaya monyet udah amaterasun sunscreen bikin putih gak bikin abu monyet,negative,0.495915800333023
549,x,2025-06-05,tekstur ringan gampang resap yang paling aku suka amaterasun sunscreen bikin putih gak bikin abu monyet finally no more ghost face,positive,0.9703552722930908
550,x,2025-06-05,gue pake bahkan makeup amaterasun sunscreen bikin putih fungsi bagai primer,neutral,0.8379947543144226
552,x,2025-06-05,ga nyangka loh amaterasun sunscreen bikin putih gak bikin abu monyet pas apply tekstur ringan luv banget sm suncreen,positive,0.9827697277069092
553,x,2025-06-05,lagi viral nih akhir cobain buktiin sendiri kalau amaterasun sunscreen bikin putih gak bikin abu monyet asa cantik pol habis pake,positive,0.9002109169960022
554,x,2025-06-05,bingung cari sunscreen gak bikin kulit jadi abu nih aku rekomendasi buat pakai sunscreen amaterasun amaterasun sunscreen bikin putih gak bikin abu monyet,positive,0.647925615310669
555,x,2025-06-05,sunscreen ngerti kamu amaterasun bikin putih gak bikin abu monyet cinta banget cek sini gais,neutral,0.6540498733520508
556,x,2025-06-05,serius deh kalo amaterasun sunscreen bikin putih ga whitecast ss cinta aku,neutral,0.5708808898925781
557,x,2025-06-05,suka banget sama tekstur amaterasun sunscreen bikin putih ringan kayak pakai apaapa,positive,0.9788479208946228
558,x,2025-06-05,sih bukan sunscreen biasa amaterasun sunscreen bikin putih tetep ringan nyaman,positive,0.8298353552818298
559,x,2025-06-05,ajaib sih baru pakai sebentar langsung jatuh cinta amaterasun sunscreen nyaman banget sih apply,positive,0.9826410412788392
560,x,2025-06-05,nyaman guna amaterasun sunscreen bikin putih gak mau lain,positive,0.7415087819099426
561,x,2025-06-05,selsma aku pakai amaterasun sunscreen bikin putih emag bukti kok,positive,0.5432446002960205
562,x,2025-06-05,amaterasun sunscreen dipake tuh bikin putih gak bikin abu monyet hasil glowing muka,positive,0.8985010385513306
563,x,2025-06-05,pakai pagipagi rasa adem nyegerin amaterasun sunscreen bikin putih,positive,0.923980474472046
564,x,2025-06-05,ringan banget asli amaterasun sunscreen bikin putih rasa kayak gak pake apaapa,positive,0.6519231200218201
565,x,2025-06-05,cuaca panas amaterasun siap lindung amaterasun sunscreen bikin putih,neutral,0.9455944895744324
566,x,2025-06-05,gak nyangka sih amaterasun sunscreen bikin putih bisa dipake umur tahun aman buat adik gue dong,positive,0.843336820602417
567,x,2025-06-05,amaterasun sunscreen bikin putih pliss sunscreen nyaman bgtt pake,positive,0.8638075590133667
568,x,2025-06-05,cari sunscreen cerahin tetap natural amaterasun sunscreen bikin putih gak bikin abu monyet solusi kulit glowing drama,neutral,0.7220991253852844
569,x,2025-06-05,sih holy grail amaterasun sunscreen bikin putih gak over tone benerbener nyatu sama kulit,neutral,0.6895528435707092
570,x,2025-06-05,sunscreen tuh kayak filter ig versi real life amaterasun sunscreen bikin putih hasil cling parah,negative,0.6687656044960022
572,x,2025-06-05,siapa nih sama amaterasun sunscreen bikin putih nggk keki yang mudah blend,positive,0.3819918632507324
573,x,2025-06-05,baru pakai amaterasun sunscreen bikin putih beberapa minggu udah jatuh cinta lengket cepet nyerap,positive,0.8709758520126343
574,x,2025-06-05,pake amaterasun sunscreen bikin putih gak bikin abu monyet loh apply nya enak ga lengket kulit,positive,0.983822762966156
575,x,2025-06-05,bangun tidur skincare langsung lanjut amaterasun sunscreen bikin putih biar on point hari,neutral,0.9202278852462769
576,x,2025-06-05,udah coba nih guys kalian amaterasun sunscreen bikin putih loh suwer gabohong,neutral,0.6525636911392212
577,x,2025-06-05,jelas banget nich aman pakai n amaterasun sunscreen bikin putih bersih banget,positive,0.8966185450553894
578,x,2025-06-05,bright skin all day no abu monyet here amaterasun sunscreen bikin putih gak bikin abu monyet,neutral,0.8983690142631531
580,x,2025-06-05,udah jatuh cinta sama produk sunscreen amaterasun amaterasun sunscreen bikin putih gak bikin abu monyet,positive,0.91531902551651
582,x,2025-06-05,pakai amaterasun langsung auto cantik natural amaterasun sunscreen bikin putih,neutral,0.9253445267677308
583,x,2025-06-05,amaterasun sunscreen bagus banget ihh aku pake tuh bikin putih gak bikin abu monyet love banget pokok,positive,0.9837940335273744
584,x,2025-06-05,kalo rutin pakai amaterasun sunscreen bikin putih glowing sehat suka deh,positive,0.9442859888076782
585,x,2025-06-05,baru nemu sunscreen kasih efek cerah drama amaterasun sunscreen bikin putih gak bikin abu monyet,neutral,0.6755589842796326
587,x,2025-06-05,jelas suncreen baik amaterasun sunscreen bikin putih gak bikin abu monyet produk gaes makanya cobain skrg,positive,0.7098096013069153
588,x,2025-06-05,makin yakin pakai sunscreen tiap hari amaterasun sunscreen bikin putih amp gak lengket sama sekali,positive,0.8479598164558411
589,x,2025-06-05,gak semua sunscreen tuh nyaman ini beda sih amaterasun sunscreen nyaman banget sih apply ya amaterasun sunscreen bikin putih,positive,0.9209825992584229
590,x,2025-06-05,bagus nih amaterasun sunscreen bikin putih cocok semua jenis kulit yg gk bikin kulit abu abu,positive,0.9755424857139589
591,x,2025-06-05,asli amaterasun sunscreen bikin putih gak bikin jadi abu colok deh,neutral,0.6930711269378662
592,x,2025-06-05,pas diapply tuh rasa ringan banget amaterasun sunscreen bikin putih gak lengket sama sekali,positive,0.9437126517295836
594,x,2025-06-05,amaterasun sunscreen bikin putih gak bikin makeup geser base makeup jadi makin nempel,positive,0.5524443984031677
595,x,2025-06-05,emang bener amaterasun sunscreen bikin putih gak bikin abu monyet kayak lain kulit lebih halus ga kering,positive,0.9647586345672609
596,x,2025-06-05,amaterasun sunscreen bagus dipake tuh bikin putih gak bikin abu monyet gitu loh,neutral,0.7980318665504456
597,x,2025-06-05,sunscreennya best seller hasil langsung lihat amaterasun sunscreen bikin putih gak bikin abu monyet cocok semua jenis kulit,positive,0.9924362301826476
599,x,2025-06-05,gue sich udah bukti kalau amaterasun sunscreen bikin putih gak bikin abu monyet,neutral,0.817609965801239
602,x,2025-06-05,gaes beneran loh amaterasun sunscreen bikin putih gak bikin abu monyet,neutral,0.5690972208976746
603,x,2025-06-05,apply pake pagipagi langsung pede luar rumah amaterasun sunscreen bikin putih tonenya naik tetep natural dongg cuss poin sini,positive,0.5034134387969971
604,x,2025-06-05,no whitecast anehaneh amaterasun sunscreen bikin putih tetap natural,neutral,0.4711889922618866
605,x,2025-06-05,percaya deh amaterasun sunscreen bikin putih turut satu satu sunscreen rekomen buat dipake hari hari,positive,0.9577895402908324
606,x,2025-06-05,pakai amaterasun kulit jadi cerah sinar amaterasun sunscreen bikin putih,neutral,0.8604267835617065
608,x,2025-06-05,gak ngerti amaterasun sunscreen bikin putih tetep natural banget kulit,positive,0.6726164817810059
609,x,2025-06-05,nyangka nemu sunscreen nyaman amaterasun sunscreen nyaman banget sih apply,positive,0.9840503334999084
610,x,2025-06-05,produk amaterasun memang luar biasa khasiat kali aku rekomendasi sunscreen nya amaterasun sunscreen bikin putih,positive,0.9892250895500184
611,x,2025-06-05,fix makin neng pakenya amaterasun sunscreen bikin putih gak bikin abu monyet deh kulit jg jadi lebih halus,positive,0.985872209072113
612,x,2025-06-05,nyesel banget gak kenal amaterasun sunscreen dulu aku suka dipake bikin putih gak bikin abu monyet,negative,0.8644288778305054
613,x,2025-06-05,memang amaterasun sunscreen bikin putih sesuai kulit gua bikin wo,positive,0.9445282816886902
614,x,2025-06-05,gak mau kulit belang amaterasun aja amaterasun sunscreen bikin putih,neutral,0.8343687057495117
616,x,2025-06-05,serius bukan sunscreen biasa amaterasun sunscreen bikin putih gak bikin abu monyet enak bgt kulit gue,positive,0.9685876369476318
618,x,2025-06-05,gue suka dia ringan gak lengket yang paling penting amaterasun sunscreen bikin putih,positive,0.9537529349327089
620,x,2025-06-05,amaterasun sunscreen bikin putih gak liat abuabu kayak topeng monyet beneran cakep banget cuyy,positive,0.9452515244483948
624,x,2025-06-05,buat hijab sering outdoor life saver amaterasun sunscreen bikin putih gak bikin abu monyet pasti dempul,positive,0.7971508502960205
625,x,2025-06-05,kali aku mau rekomendasiin sunscreen aman buat semua jenis kulit punya banyak manfaat amaterasun sunscreen bikin putih gak bikin abu monyet,positive,0.918688416481018
626,x,2025-06-05,gue udah capek sama sunscreen yg bikin muka abuabu makanya sekarang pake amaterasun sunscreen bikin putih gak bikin abu monyet,neutral,0.6898708343505859
627,x,2025-06-05,amaterasun sunscreen bikin putih jadi ragu guna,neutral,0.5610189437866211
629,x,2025-06-05,sadar gak sih sunscreen cakep banget hasil amaterasun sunscreen bikin putih bukan putih aneh putih glowing dahh,positive,0.8196931481361389
630,x,2025-06-05,gak lebay ini sunscreen enak amaterasun sunscreen bikin putih gak bikin abu monyet yang paling penting nyaman banget sih apply,positive,0.987089455127716
631,x,2025-06-05,the best banget amaterasun sunscreen meski dipake bikin putih gak bikin abu monyet,positive,0.9932593703269958
632,x,2025-06-05,dulu aku mikir semua sunscreen sama aja ketemu amaterasun sunscreen bikin putih gak bikin abu monyet baru asa bukan sekadar spf biasa,negative,0.4166513681411743
633,x,2025-06-05,aku udah percaya banget sama sunscreen amaterasun amaterasun sunscreen bikin putih gak bikin abu monyet,positive,0.850673496723175
634,x,2025-06-05,amaterasun sunscreen bikin putih gak bikin abu monyet buru cobain guysss hasil tu ga dempul co sini,neutral,0.7526077628135681
636,x,2025-06-05,udah cobain banyak sunscreen baru yang benerbener ngasih hasil nyata amaterasun sunscreen bikin putih gak bikin abu monyet tekstur ringan nyaman banget apply,positive,0.985335111618042
637,x,2025-06-05,sekian produk sunscreen yg udah gw coba so far amaterasun sunscreen bikin putih loh skuy deh cobain kalian,positive,0.5536007881164551
638,x,2025-06-05,suka banget deh apply amaterasun sunscreen bikin putih gak bikin abu monyet gitu loh,positive,0.9725762009620668
640,x,2025-06-05,sunscreen andal gue bgtt amaterasun sunscreen bikin putih kulit auto jd lbih cerah gampang apply lgi,positive,0.8991997241973877
641,x,2025-06-05,sering skip sunscreen gak nyaman sekarang gak amaterasun sunscreen bikin putih gak bikin abu monyet ringan enak banget pakai hasil langsung liat cerah,positive,0.987788736820221
642,x,2025-06-05,sunscreen tone upnya lebay amaterasun sunscreen bikin putih gak bikin abu monyet tuh beda asli natural bgt,positive,0.5724435448646545
643,x,2025-06-05,udah jamin produk kalau amaterasun sunscreen bikin putih gak bikin abu monyet aku sih gak ragu buat pakai tiap hari,positive,0.8217691779136658
644,x,2025-06-05,gak mau ribet skincarean tetep mau liat cerah kunci amaterasun sunscreen bikin putih gak bikin abu monyet nyaman banget sih apply,positive,0.9673776030540466
645,x,2025-06-05,cerah gak lebay amaterasun sunscreen bikin putih cocok buat daily use,positive,0.9538137912750244
648,x,2025-06-05,cinta pol sama produk satu gimana ngga coba udah bukti kalo amaterasun sunscreen bikin putih gak bikin abu monyet,positive,0.8964336514472961
649,x,2025-06-05,nih coba krn orang bilang klu amaterasun sunscreen bikin putih gak bikin abu monyet,neutral,0.8861852884292603
650,x,2025-06-05,putih iya abuabu big no coba deh amaterasun sunscreen bikin putih gak bikin abu monyet gt,neutral,0.956126034259796
651,x,2025-06-05,suka banget pake amaterasun sunscreen bikin putih gak bikin abu monyet dong,positive,0.9398868680000304
653,x,2025-06-05,aku percaya kalau amaterasun sunscreen bikin putih gak bikin abu monyet udah aku pakai lama bulan,positive,0.6030445098876953
654,x,2025-06-05,fix sih andal banget nyata se nyata nyata amaterasun sunscreen bikin putih bikin tetep liat flawless,positive,0.918296754360199
655,x,2025-06-05,muka cerah gak kusam gak whitecast abuabu karena gue pakai amaterasun sunscreen bikin putih gak bikin abu monyet auto jadi sunscreen favorit gue,positive,0.9621604084968568
658,x,2025-06-05,baru tau nih kalo amaterasun sunscreen bikin putih gak bikin abu monyet kayak produk suncreen the best yang,positive,0.987212598323822
660,x,2025-06-05,udah coba belum amaterasun sunscreen bikin putih gak bikin abu monyet tekstur ringan gak lengket langsung bikin kulit liat sehat,positive,0.6952183842658997
661,x,2025-06-05,aku udah buktiin sendiri kalau amaterasun sunscreen bikin putih gak bikin kulit kering,neutral,0.5817949175834656
662,x,2025-06-05,huaaa akhir nemu sunscreen cocok sama kulit buru coba deh amaterasun sunscreen bikin putih gak bikin abu monyet,positive,0.7830454707145691
663,x,2025-06-05,bagus banget nih amaterasun sunscreen bikin putih gak bikin abu monyet klu kena matahari,positive,0.9703869223594666
664,x,2025-06-05,amaterasun sunscreen bikin putih gak bikin abu monyet jadi makin rajin pake biar kulit lebih indah pandang,positive,0.7286332249641418
665,x,2025-06-05,gak drama sunscreen abuabu sejak pake amaterasun sunscreen bikin putih gak bikin abu monyet hasil natural nyaman banget sih apply,positive,0.9694222211837769
666,x,2025-06-05,kulit sensitif kalo pake sunscren ni pkae aja amaterasun sunscreen bikin putih lembab,neutral,0.8861691951751709
668,x,2025-06-05,aku percaya banget kalau amaterasun sunscreen bikin putih gak bikin abu monyetudah lama banget aku pakai memang banyak ubah kulit aku,positive,0.9554002285003662
669,x,2025-06-05,klean musti tau guys amaterasun sunscreen bikin putih no kaleng kaleng beda sunscreen yg,neutral,0.8021547794342041
670,x,2025-06-05,ga nyangka loh amaterasun sunscreen bikin putih kulit coba gue tahu dar dulu lihat hasil,positive,0.6454923152923584
671,x,2025-06-05,siangsiang panas gak takut karena kulit udah lindung amp bikin glowing sama amaterasun sunscreen bikin putih gak bikin abu monyet nyaman banget sih apply,positive,0.9379004836082458
674,x,2025-06-05,rutin pake amaterasun suncreen nyata mantul hasil amaterasun sunscreen bikin putih kulit aku nih,positive,0.8821076154708862
675,x,2025-06-05,liat hasil deh no edit no filter beneran pake amaterasun sunscreen bikin putih gak bikin abu monyet tekstur ringan blendnya gampang nyaman banget,positive,0.9877302050590516
676,x,2025-06-05,amaterasun sunscreen bikin putih nyaman pakai gak lengket kulit,positive,0.9667297601699828
677,x,2025-06-05,libur pantai jangan lupa pake amaterasun sunscreen bikin putih kulit jadi sehat,neutral,0.5900560021400452
679,x,2025-06-05,tahu kalau amaterasun sunscreen bikin putih kulit cobain deh kalau ga percaya aku sdh bukti,neutral,0.5617643594741821
683,x,2025-06-05,gw bisikin deh amaterasun sunscreen bikin putih kulit loh lembut,positive,0.6631117463111877
685,x,2025-06-05,siapa sudah cobain suncreen amaterasun sunscreen bikin putih kulit serta lindung kdari bahaya sinar matahari,neutral,0.615979790687561
687,x,2025-06-05,amaterasun sunscreen bikin putih gk abu sunscren mudah banget aply nya,positive,0.6313744187355042
689,x,2025-06-05,keren amaterasun sunscreen bikin putih,positive,0.9567942023277284
690,x,2025-06-05,mantul deh amaterasun sunscreen bikin putih kulit aku fix ga mau pindah yang lagi,positive,0.8461868166923523
691,x,2025-06-05,apply nya simpel banget tekstur ringan amaterasun sunscreen bikin putih jadi makin percaya diri,positive,0.9787028431892396
692,x,2025-06-05,jangan ragu ya guys amaterasun sunscreen bikin putih gak bikin abu monyet,neutral,0.7324035167694092
693,x,2025-06-05,suka banget sama amaterasun sunscreen bikin putih gk bikin abu abu,positive,0.9699652791023254
694,x,2025-06-05,fyi guyss amaterasun sunscreen bikin putih,neutral,0.9485026001930236
695,x,2025-06-05,mudah apply amaterasun sunscreen bikin putih gak bikin abu monyet,neutral,0.4963634610176086
696,x,2025-06-05,punya kulit lebih cerah sekarang bukan mustahil karena amaterasun sunscreen bikin putih,positive,0.7784703969955444
698,x,2025-06-05,beneran nyata amaterasun sunscreen bikin putih gaes gue rutin pake suncreen kulit makin glowing,positive,0.9406335949897766
699,x,2025-06-05,amaterasun sunscreen bikin putih,neutral,0.9782682061195374
700,x,2025-06-05,spf amaterasun sunscreen bikin putih,neutral,0.9745272994041444
702,x,2025-06-05,tau guys amaterasun sunscreen bikin putih lho,neutral,0.9038112759590148
706,web,2025-06-01,sunscreennya bagus cocok buat tipe kulit acne prone skine oily ga bikin breakout konsistensi bagus gampang utk blend dqn spf nya udah cocok buat dipake outoor buat reapply jga nyaman pakai paling penting ga perih mata,positive,0.9977333545684814
707,web,2025-05-31,amaterasun sunscreen serum spf enak banget pakai tekstur ringan kaya serum gampang resap gak ninggalin white cast kulit jadi lindung maksimal sinar matahari rasa lengket berat cocok banget buat suka sunscreen nyaman pakai seharihari bisa pakai makeup,positive,0.997025191783905
710,web,2025-05-30,tekstur ringanmudah resap kulit tidak tinggal white cast produk asa ringan tidak lengket bahkan beberapa jam guna amaterasun sunscreen pilih lokal sangat layak coba utama kamu cari sunscreen ringan nyaman pakai seharihari cocok kulit sensitif,positive,0.9975329637527466
716,web,2025-05-04,kulit aku tipe minyak banget jadi kalau cari sunscreen memang pilih cocok nggak bikin tambah minyak pertama kali nyoba ini langsung jatuh cinta gk tuhh wkwkk sekarang lagi panas jadi kudu banget pakai sunscreen guys rekomended pokoknyaa,positive,0.9950494170188904
718,web,2025-05-03,glowing bangett kalo pakai sunscreen amaterasun biasa aku pakai pagi berangkat kerja terus pas mau istirahat reapply sihh biar belang muka nyaa tetapp glowing setiapp hahahhahah keren abizz,positive,0.9971587657928468
724,web,2025-05-02,sunscreennya ringan banget kayak air terus gampang blend no white cast agak sumuk kalo udah nge set jadi better jangan timpa bedak lainlain soal sumuk banget lebih cocok buat aktifitas dalem ruang yg ac biar gak banyak keringet,positive,0.9963374137878418
729,web,2025-04-24,tekstur kayak lotion cair musti hatihati klo mau nuang tangan aplikasi gampang cepet kering rasa banget langsung nahan minyak cocok buat minyak klo buat kulit normal to dry kurang ku rekomendasiun,positive,0.991442859172821
736,web,2025-03-21,minggu pake aku rasa sunscreen punya banyak lebih finish nya matte lightweight tekstur nya cair bgt no white cast at all ga perih buat wudu diratain mudah banget satu kurang nya comedogenic nyata pas lihat ingredients nya hmmm betul comedogenic cocok banget buat yg kulit cenderung oily kombinasi,positive,0.9978324770927428
741,web,2025-02-08,kulit kombinasi cenderumg minyak dn enak banget pake ringan banget dipake gak white cast cocok buat lulit minyak gak bikin perih adem minus bikin perih mata udah pake jalan bulan rekomended banget,positive,0.997669756412506
743,web,2025-02-05,the best sunscreen i ve ever tried sesuai claimnya sunscreen cocok kulit kombinasi minyak tekstur runny mudah diblend ringan banget kulit finishnya matte bikin kulit liat sehat seger banget no kusam kusam lovenya ga whitecast sama sekali minus kemas pump kurang bagus pakai beberapa bulan jadi bocor kemas tube kurang cocok tekstur sunscreennya lubang tube terlalu besar tekstur suncreen runny mungkin ubah kemas botol mulut lebih kecil,negative,0.6726248264312744
753,web,2025-01-20,sukaaaa turut sunscreen terringan karna tekstur kayak pake serum gitu jadi satset gampang diblend gak bikin bruntusan harus hati tuang tuh suka luber gitu krna tekstur cocok normal oily,positive,0.9973590970039368
754,web,2025-01-13,sunscreen terringan yg pernah kupake ga lengket ga whitecast bahkan finishnya asa ga pake apa saking ringan enak dipake buat skin prep makeup bikin makeup makin nempell karna super ngesett formulasi buat normal to oily skin tpi aku yg dry skin ttep suka nyaman poll make,positive,0.9975952506065368
757,web,2024-12-30,sunscreenya amaterasun tuh enak bgt tekstur kek lotion jd runny sayang packagingnya bikin produk makin luber jujur performa oke bgt ga whitecast ga sumuk ga bikin breakout mudah utk reapply soal ga yg lengket tp gampang luntur kalo kena air sunscreennya tu kayak luruh gt loh harap bgt packagingnya ganti tipe corong yg lebih kecil biar produk ga luber luber keluar,positive,0.919319748878479
765,web,2024-12-12,pake sunscreen beneran ngebantu banget ngelindungin kulit bahaya uv plus serum lagi tekstur ga lengket cair lumayan cepet nyerap jugaa pokonyaa okeee banget dipake hari cocok liat aku yg lumayan oily,positive,0.996911883354187
771,web,2024-12-06,bagusss ringan pakai whitecase sedikit ga bikin dempul bgttt texturenya cair jadi gampang serap ga lengket pas diapply non comedogenic cocok semua jenis kulit dermatology tested honest review,positive,0.9815050959587096
776,web,2024-12-05,baruu kali pake sunscreen yg tekstur cairr ga bikin whitecast aplikasi nya mudah bgtt cepet nyerep muka bahkan jadi base makeup aman sihh karna hasil kulit jadi kenyal lengket bikin makeup nempell pol,positive,0.992646336555481
781,web,2024-12-04,sunscreen cocok buat aku kulit kombinasi ringan dipake muka kandung turut bagus bgt dipake makeup an gada rasa lengket sama sekali affordable karna produk tekstur nya sangat encer mungkin hati ngeluarinnya kadang aku suka banyak,positive,0.9901562929153442
783,web,2024-12-03,sunscreen yg nyaman dipake gabikin gerah minyak tekstur cair banget dr sekian banyak sunscreen yg udah pernah aku coba udah repurchase x pikir buat ganti yg akuuu sukaaa,positive,0.997711420059204
784,web,2024-12-03,satu sunscreen yg bikin aku amazed sm tekstur bener lightweight gak bikin sumuk perfect for oily skin mana ukur lumayan besar buat brand lokal meski sempet kaget di ingredients sles aku gak paham soal formulasi sih banyak denger buruk soal sulfates so far pake sunscreen gak pernah yg pake ingred so bakal jadi timbang banget sih buat repurchase banyak brand yg nyaman no sulfates,positive,0.9882774949073792
785,web,2024-12-02,sunscreen amaterasun udah jadi favorit lama bulan akhir tekstur ringan banget kayak air gampang banget diblend bikin kulit jadi greasy whitecast itu sunscreen juga bikin kulit breakout aku rasa kulit jadi lebih lindung sinar matahari,positive,0.9941877126693726
792,web,2024-11-15,first honest riview masuk kategori sunscreen paling worth it buat pakai texture cair nowhite cast buat timpa before makeup hasil cakeep pwoll jauh di type kulit kombinasi kaya aku alhamdulillah aman next bakal repurchase ulang kalau suda habis,positive,0.981901228427887
797,web,2024-11-07,tekstur cair suka banget sama hasil yg matte no whitecast cocok banget buat kulit aku yg kadang kering kadang oily happy banget sekarang kemas jumbo jadi nggk worry kalau dikit dikit habis wkwk,positive,0.9972724318504332
800,web,2024-11-04,sunscreen favorit akuu tekstur benerann ringann gampang serap ga whitecast sama sekali emng oke bangett buat kulit minyak ga bikin makin keling minyak nyaman buat reapply sekarang tutup baru jadi ga tumpah tumpah,positive,0.9977208971977234
803,web,2024-10-31,semua sunscreen amaterasun aku cobaa pilih pertama ku tetap uv suncreen serum iniiii enak bngt dipake ga lengkett ga bikin minyak sumuk jugaa muka ringan udah spf pa lagi sukakkk,positive,0.9977971315383912
804,web,2024-10-31,bolakbalik ganti sunscreen akhir nemu sunscreen cocok banget kulit aku minyak sih bagus banget gampang blend gak white case paling penting gak bikin minyak muka aku yang oily skin best produk pokok,positive,0.9978930354118348
805,web,2024-10-31,suka bgt sama texture sunscreen ringannn mudah bgt serap ga bikin lengket no whitecast ga pilling easy to blend bgt buat reapply oke bgt spf nya udah cukup buat aku reapply sampe x normal to oily aku oily sangattg suka,positive,0.9980027079582214
816,web,2024-09-29,sunscreen lokal tekstur terringan jatuh amaterasun no wonder kalo banyak suka tekstur nya cair gampang blend nyerepnya super cepet kulit kering emang lembap kurang karna doi tipikal sunscreen yg finishnya matte untuk feels nya ku akuin enak bgt ga ninggalin whitecast best use for combi to oily skin,positive,0.998062789440155
828,web,2024-09-22,baru pertama kali nemuin chemical sunscreen cocok kulit aku minyak ini teksturnyaa ringan ga lengket mudah serap gampang blend saking sukanyaa nyetok ukur gedenyaa ml the best bangettt,positive,0.99791020154953
834,web,2024-09-17,baru pertama nyoba ss kata bagus segi tekstur ss nyaman banget buat kulit combiku after pakai jadi kusam parahnurunin tone mukakuteksturnya cair banget sering mleber mana,positive,0.996206521987915
836,web,2024-09-06,super duper loveeee saking cinta sampe udah ngabisin tube tekstur ringan polll no whitecast non oily bahkan aku ngerasanya kalo pake sunscreen tuh feelsnya kaya abis beda powdery gitu kalo pake banyak jadi pilling overall banget i luv it,positive,0.9899683594703674
842,web,2024-08-07,jujur kurang suka tekstur loh super cair mungkin bagi orang produk jadi mudah diblend kulit buat aku jadi susah nentuin berapa banyak makenya pas tuang jari malah ngalir kemanamana lebih sih memang bener ngga lengket ngga whitecast residu sama sekali produk pun suka sama punya kulit super minyak,positive,0.9960123300552368
844,web,2024-07-25,baru kali coba sunscreen serum brand tekstur cair mungkin brandingnya serum mudah resap kulit finishnya matte paling penting gak pedih mata reapplynya sedikit repot tekstur lebih cair sunscreen biasa,positive,0.9899436235427856
846,web,2024-07-18,lightweight bgt tekstur enak langsung resap gituuu finishnya powdery matte dia oil controlnya kurang parah bikin kulit aku yg normal jadi kering kusem banget terus gatau tone kulit aku ikut turun segi packaging kyknya ubah soal gampang banget bocorrembes,positive,0.9561421275138856
855,web,2024-06-28,suncreen andal ini tekstur thick mudah banget resap no whitecast hasil matte muka aku suka dia ga bikin muka gampang minyak rasa light kayak gak pake sunscreen udah repurchased dua kali and definitely will be my favorite sunscreen,positive,0.993859887123108
861,web,2024-06-22,tekstur cair banget bikin mudah rata serap kulit feelsnya serap velvet gitu kulit sesuai nama tekstur feels nya sunscreen emang cocok sih kulit minyak tapi sebenernya harap banget kalo lubang packagingnya buat lebih kecil biar kalo produk keluarin tuh gak gampang tumpah saking cair,positive,0.9835721850395204
865,web,2024-06-20,semua sunscreen amaterasun yg aku voba aku paling suka sama yg serum paling ringan tekstur hasil natural gitu ga matte tp ga oily yg becek bikin kusam gitu enak tekstur ringan gampang diblend langsung nyerap kulit cocol dia packaging sama aja sih sama yg beda varian aja masuk sunscreen favorit,positive,0.9966434240341188
866,web,2024-06-17,sedihhhhh muka aku yg oily tp malah makin oily kusam banget pake huhu padahal ringan bangett produk mudah resap masih ga ngerti bisa mikin aku kusam bangettt udh timpa bedak makin oily parah plus jadi kusam gelap,negative,0.9931654334068298
874,web,2024-06-06,gatau sih udah berapa tube aku habisin sunscreen nya amaterasun sun serum memang nyaman tekstur cair agak runny jadi cepet apply nya sunscreen ringan banget ga tacky sama sekali whitecast perih juga engga so far masih jadi sunscreen holygrail ku sampe repurchase kali kali,positive,0.982567012310028
877,web,2024-06-05,sunscreen tering pernah aku pakai cocok kulit aku oily gampang banget buat keringetan agak bikin peeling pemakaain engga ganggu sekali aman buat pakai makeup an jadi sunscreen terfavorite,positive,0.9968640804290771
884,web,2024-05-27,sunscreen serum the best banget buat kulit normal to oily finishnya matte langsung ngset kulit cepet gak rasa lengket sama sekali tekstur encer gak asa kayak pake sunscreen sih buat skinprep pake moist dulu belum biar gak dry makeupnya so far buat daily nyaman buatkuuu,positive,0.9947118759155272
885,web,2024-05-17,sunscreen rasa serum cocok pakai mulai umur tahun atas punya tekstur super ringan oily prone keluar sebum hari tekstur cocok kalian finishednya tak buat muka jadi kilang minyak balik kontrol sebum powdery sensation spfnya tak ada lagi muka breakout asa nyaman tak buat muka jadi tambah merah kepiting rebus intelligent dna guardiantm lindung rusa dna kulit papar sinar uva uvb bluelight infrared polusi radikal bebas muka asa segar sehat telah,positive,0.9957858920097352
886,web,2024-05-17,amaterasun paling nyaman kulit oily tekstur super cair jadi gampang blend serap tidak lengket kulit gak aroma tapiii packaging flip top keras buka nya turut kalau udara panas banget doi rasa gerah muka whitecast aman yaa,positive,0.9953853487968444
888,web,2024-05-10,sunscreennya mudah rata nggak whitecast sama sekali benar benar bagus lindung kulit sinar matahari pakcagingnya aman banget travel friendly aku kurang suka peeling gitu aku pas mau reapply peeling kulit nggak oarah banget gitu sih,positive,0.941820502281189
